Model,AUC,AP,Recall@10,nDCG@10,MRR,Recall@10 (Low Deg),Recall@10 (High Deg),Epochs,Params,Time/Ep(ms)
GCN,0.9164542936288087,0.9199381378876311,0.40166666666666667,0.29523257281423204,0.3164867724867724,0.5708333333333333,0.3694444444444444,171,53056,7.3
GNN,0.9378024007386888,0.9332132608695805,0.5703333333333334,0.42188940936355024,0.42158730158730157,0.75,0.5361111111111111,132,105920,8.3
GAT,0.9199138196368113,0.9207784930433056,0.31822222222222224,0.2138237442288249,0.22453174603174603,0.22083333333333333,0.3367724867724867,149,213184,17.6
GraphSAGE,0.9157340720221607,0.9099815101387946,0.37866666666666665,0.3021108201138919,0.3443941798941799,0.4875,0.35793650793650794,158,105920,7.6
GIN,0.9438534933825793,0.9413127611481984,0.5458888888888889,0.41860427098072395,0.4203968253968254,0.7708333333333334,0.5030423280423281,95,86594,8.5
TransformerConv,0.9198276392736227,0.9123209461101318,0.35755555555555557,0.27767108974381666,0.3026534391534392,0.4291666666666667,0.34391534391534395,91,212224,12.4
GATv2,0.9222160664819944,0.9213815705764111,0.3607777777777778,0.2289831713428408,0.23726984126984127,0.325,0.3675925925925926,175,425216,29.0
LightGCN,0.8747183748845799,0.8872380331776751,0.29833333333333334,0.22136410347785718,0.24300529100529095,0.2625,0.3051587301587302,32,22208,5.3
